adnan:adnan:adnan
shah:shah:shah
saqib:saqib:saqib
jimi:jimi:jimi
zulf:zulf:zulf
tasnim:tasnim:tasnim
matt:matt:matt
test:matt:test
chadjones:chad:chad
yolo:yolo:yolo
tas:tasnim:tas
